Codon,Amino Acid,Fraction,Count per Thousand,Count,Species
TGA,*,0.51,23.78,1187925,Arabidopsis thaliana
TAG,*,0.21,9.94,496452,Arabidopsis thaliana
TAA,*,0.27,12.72,635199,Arabidopsis thaliana
GCG,A,0.14,6.2,309780,Arabidopsis thaliana
GCA,A,0.31,14.1,704269,Arabidopsis thaliana
GCC,A,0.18,8.19,409292,Arabidopsis thaliana
GCT,A,0.37,17.04,851012,Arabidopsis thaliana
TGT,C,0.53,16.51,824941,Arabidopsis thaliana
TGC,C,0.47,14.67,732703,Arabidopsis thaliana
GAC,D,0.34,12.13,605714,Arabidopsis thaliana
GAT,D,0.66,23.26,1161702,Arabidopsis thaliana
GAG,E,0.42,20.48,1022867,Arabidopsis thaliana
GAA,E,0.58,28.61,1428933,Arabidopsis thaliana
TTT,F,0.43,17.19,858710,Arabidopsis thaliana
TTC,F,0.57,22.36,1116857,Arabidopsis thaliana
GGA,G,0.4,21.89,1093392,Arabidopsis thaliana
GGC,G,0.18,9.53,476145,Arabidopsis thaliana
GGG,G,0.15,7.96,397757,Arabidopsis thaliana
GGT,G,0.27,14.94,746124,Arabidopsis thaliana
CAC,H,0.4,10.82,540289,Arabidopsis thaliana
CAT,H,0.6,16.16,807089,Arabidopsis thaliana
ATT,I,0.38,19.1,953846,Arabidopsis thaliana
ATC,I,0.37,18.41,919812,Arabidopsis thaliana
ATA,I,0.25,12.63,630642,Arabidopsis thaliana
AAA,K,0.42,20.36,1017213,Arabidopsis thaliana
AAG,K,0.58,28.69,1433107,Arabidopsis thaliana
CTT,L,0.21,21.73,1085543,Arabidopsis thaliana
CTA,L,0.11,11.81,589694,Arabidopsis thaliana
CTC,L,0.15,16.08,803029,Arabidopsis thaliana
CTG,L,0.15,15.82,790086,Arabidopsis thaliana
TTG,L,0.23,24.12,1204687,Arabidopsis thaliana
TTA,L,0.14,14.33,715679,Arabidopsis thaliana
ATG,M,1,23.13,1155533,Arabidopsis thaliana
AAC,N,0.48,17.51,874594,Arabidopsis thaliana
AAT,N,0.52,18.9,944124,Arabidopsis thaliana
CCC,P,0.13,5.02,250795,Arabidopsis thaliana
CCA,P,0.36,14.16,707436,Arabidopsis thaliana
CCG,P,0.2,7.83,391072,Arabidopsis thaliana
CCT,P,0.31,11.94,596206,Arabidopsis thaliana
CAA,Q,0.6,24.06,1201698,Arabidopsis thaliana
CAG,Q,0.4,16.1,804016,Arabidopsis thaliana
CGA,R,0.15,11.23,560924,Arabidopsis thaliana
CGC,R,0.07,5.49,274021,Arabidopsis thaliana
AGA,R,0.35,26.86,1341689,Arabidopsis thaliana
CGG,R,0.11,8.46,422412,Arabidopsis thaliana
CGT,R,0.11,8.26,412788,Arabidopsis thaliana
AGG,R,0.21,15.99,798825,Arabidopsis thaliana
TCT,S,0.21,21.15,1056480,Arabidopsis thaliana
AGT,S,0.15,15.31,764668,Arabidopsis thaliana
AGC,S,0.16,15.85,791670,Arabidopsis thaliana
TCA,S,0.22,21.64,1081096,Arabidopsis thaliana
TCC,S,0.15,14.43,720615,Arabidopsis thaliana
TCG,S,0.11,10.6,529569,Arabidopsis thaliana
ACA,T,0.33,16.84,841086,Arabidopsis thaliana
ACG,T,0.17,8.8,439538,Arabidopsis thaliana
ACT,T,0.28,14.73,735539,Arabidopsis thaliana
ACC,T,0.22,11.31,564807,Arabidopsis thaliana
GTT,V,0.36,19.98,997832,Arabidopsis thaliana
GTG,V,0.25,14.04,701234,Arabidopsis thaliana
GTC,V,0.21,11.55,577177,Arabidopsis thaliana
GTA,V,0.18,9.69,483829,Arabidopsis thaliana
TGG,W,1,21.91,1094424,Arabidopsis thaliana
TAT,Y,0.55,14.12,705441,Arabidopsis thaliana
TAC,Y,0.45,11.6,579578,Arabidopsis thaliana
